FactType,Param1,Param2,G,R,Region,SM,effect,eid,eventId,guardVal,label,name,parent,signalId,transID,trigger,type
StateMachine,OLDID+1424988+107,,,,,,,,,,,statechart_22,,,,,
StateMachine,GUID+3c06b60b-2887-11d3-ac08-0010a4f1d0f6,,,,,,,,,,,statechart_16,,,,,
StateMachine,OLDID+1424988+246,,,,,,,,,,,statechart_1,,,,,
StateMachine,OLDID+1424988+447,,,,,,,,,,,statechart_23,,,,,
Region,_mapNgJlbEeqp3LAywGB6vQ,,,,,OLDID+1424988+107,,,,,,ROOT,,,,,
Region,_mapNgplbEeqp3LAywGB6vQ,,,,,OLDID+1424988+107,,,,,,,,,,,
Region,_mapNhJlbEeqp3LAywGB6vQ,,,,,OLDID+1424988+107,,,,,,armingDisarmingReprogramming,,,,,
Region,_mapNh5lbEeqp3LAywGB6vQ,,,,,OLDID+1424988+107,,,,,,reprogramming,,,,,
Region,_mapNsZlbEeqp3LAywGB6vQ,,,,,OLDID+1424988+107,,,,,,,,,,,
Region,_mapNs5lbEeqp3LAywGB6vQ,,,,,OLDID+1424988+107,,,,,,codeEntry,,,,,
Region,_mapNtZlbEeqp3LAywGB6vQ,,,,,OLDID+1424988+107,,,,,,currentCode,,,,,
Region,_mapN75lbEeqp3LAywGB6vQ,,,,,GUID+3c06b60b-2887-11d3-ac08-0010a4f1d0f6,,,,,,ROOT,,,,,
Region,_mapN8ZlbEeqp3LAywGB6vQ,,,,,GUID+3c06b60b-2887-11d3-ac08-0010a4f1d0f6,,,,,,,,,,,
Region,_mapN85lbEeqp3LAywGB6vQ,,,,,GUID+3c06b60b-2887-11d3-ac08-0010a4f1d0f6,,,,,,mode,,,,,
Region,_mapOBplbEeqp3LAywGB6vQ,,,,,GUID+3c06b60b-2887-11d3-ac08-0010a4f1d0f6,,,,,,,,,,,
Region,_mapOCJlbEeqp3LAywGB6vQ,,,,,GUID+3c06b60b-2887-11d3-ac08-0010a4f1d0f6,,,,,,flashMode,,,,,
Region,_mapOIZlbEeqp3LAywGB6vQ,,,,,OLDID+1424988+246,,,,,,ROOT,,,,,
Region,_mapOJJlbEeqp3LAywGB6vQ,,,,,OLDID+1424988+246,,,,,,,,,,,
Region,_mapOJplbEeqp3LAywGB6vQ,,,,,OLDID+1424988+246,,,,,,downstairs,,,,,
Region,_mapOMZlbEeqp3LAywGB6vQ,,,,,OLDID+1424988+246,,,,,,,,,,,
Region,_mapOM5lbEeqp3LAywGB6vQ,,,,,OLDID+1424988+246,,,,,,upstairs,,,,,
Region,_map0JJlbEeqp3LAywGB6vQ,,,,,OLDID+1424988+447,,,,,,ROOT,,,,,
Region,_map0J5lbEeqp3LAywGB6vQ,,,,,OLDID+1424988+447,,,,,,armed,,,,,
Region,_map0K5lbEeqp3LAywGB6vQ,,,,,OLDID+1424988+447,,,,,,active,,,,,
Sibling,_mapNgplbEeqp3LAywGB6vQ,_mapNsZlbEeqp3LAywGB6vQ,,,,,,,,,,,OLDID+1424988+109,,,,
Sibling,_mapN8ZlbEeqp3LAywGB6vQ,_mapOBplbEeqp3LAywGB6vQ,,,,,,,,,,,GUID+3c06b60f-2887-11d3-ac08-0010a4f1d0f6,,,,
Sibling,_mapOJJlbEeqp3LAywGB6vQ,_mapOMZlbEeqp3LAywGB6vQ,,,,,,,,,,,OLDID+1424988+257,,,,
State,OLDID+1424988+109,,,_mapNgJlbEeqp3LAywGB6vQ,,,,,,,active,,,,,,State
State,OLDID+1424988+157,,,_mapNgplbEeqp3LAywGB6vQ,,,,,,,armingDisarmingReprogramming,,,,,,State
State,OLDID+1424988+161,,,_mapNhJlbEeqp3LAywGB6vQ,,,,,,,idle,,,,,,State
State,OLDID+1424988+177,,,_mapNhJlbEeqp3LAywGB6vQ,,,,,,,reprogramming,,,,,,State
State,OLDID+1424988+163,,,_mapNhJlbEeqp3LAywGB6vQ,,,,,,,conditionconnector_1,,,,,,Pseudostate
State,GUID+83d89792-8d14-48e1-b5dd-096c97124b96,,,_mapNhJlbEeqp3LAywGB6vQ,,,,,,,junctionconnector_1,,,,,,Pseudostate
State,_mapNlJlbEeqp3LAywGB6vQ,,,_mapNhJlbEeqp3LAywGB6vQ,,,,,,,ROOT,,,,,,Pseudostate
State,OLDID+1424988+195,,,_mapNh5lbEeqp3LAywGB6vQ,,,,,,,waitNewCode,,,,,,State
State,OLDID+1424988+186,,,_mapNh5lbEeqp3LAywGB6vQ,,,,,,,waitOldCode,,,,,,State
State,OLDID+1424988+188,,,_mapNh5lbEeqp3LAywGB6vQ,,,,,,,conditionconnector_2,,,,,,Pseudostate
State,_mapNi5lbEeqp3LAywGB6vQ,,,_mapNh5lbEeqp3LAywGB6vQ,,,,,,,ROOT,,,,,,Pseudostate
State,OLDID+1424988+110,,,_mapNsZlbEeqp3LAywGB6vQ,,,,,,,codeEntry,,,,,,State
State,OLDID+1424988+134,,,_mapNs5lbEeqp3LAywGB6vQ,,,,,,,currentCode,,,,,,State
State,OLDID+1424988+114,,,_mapNs5lbEeqp3LAywGB6vQ,,,,,,,enteringCode,,,,,,State
State,OLDID+1424988+116,,,_mapNs5lbEeqp3LAywGB6vQ,,,,,,,conditionconnector_0,,,,,,Pseudostate
State,GUID+28f0484a-1e4b-4764-955c-751a9b49fbdd,,,_mapNs5lbEeqp3LAywGB6vQ,,,,,,,junctionconnector_0,,,,,,Pseudostate
State,_mapNyJlbEeqp3LAywGB6vQ,,,_mapNs5lbEeqp3LAywGB6vQ,,,,,,,ROOT,,,,,,Pseudostate
State,OLDID+1424988+145,,,_mapNtZlbEeqp3LAywGB6vQ,,,,,,,correct,,,,,,State
State,OLDID+1424988+151,,,_mapNtZlbEeqp3LAywGB6vQ,,,,,,,different,,,,,,State
State,OLDID+1424988+144,,,_mapNtZlbEeqp3LAywGB6vQ,,,,,,,notEntered,,,,,,State
State,_mapNuZlbEeqp3LAywGB6vQ,,,_mapNtZlbEeqp3LAywGB6vQ,,,,,,,ROOT,,,,,,Pseudostate
State,GUID+3c06b60f-2887-11d3-ac08-0010a4f1d0f6,,,_mapN75lbEeqp3LAywGB6vQ,,,,,,,active,,,,,,State
State,GUID+3c06b612-2887-11d3-ac08-0010a4f1d0f6,,,_mapN8ZlbEeqp3LAywGB6vQ,,,,,,,mode,,,,,,State
State,GUID+3c06b619-2887-11d3-ac08-0010a4f1d0f6,,,_mapN85lbEeqp3LAywGB6vQ,,,,,,,off,,,,,,State
State,GUID+3c06b61e-2887-11d3-ac08-0010a4f1d0f6,,,_mapN85lbEeqp3LAywGB6vQ,,,,,,,on,,,,,,State
State,_mapN-JlbEeqp3LAywGB6vQ,,,_mapN85lbEeqp3LAywGB6vQ,,,,,,,ROOT,,,,,,Pseudostate
State,GUID+3c06b614-2887-11d3-ac08-0010a4f1d0f6,,,_mapOBplbEeqp3LAywGB6vQ,,,,,,,flashMode,,,,,,State
State,GUID+3c06b621-2887-11d3-ac08-0010a4f1d0f6,,,_mapOCJlbEeqp3LAywGB6vQ,,,,,,,stable,,,,,,State
State,GUID+3c06b623-2887-11d3-ac08-0010a4f1d0f6,,,_mapOCJlbEeqp3LAywGB6vQ,,,,,,,flashing,,,,,,State
State,_mapOC5lbEeqp3LAywGB6vQ,,,_mapOCJlbEeqp3LAywGB6vQ,,,,,,,ROOT,,,,,,Pseudostate
State,OLDID+1424988+251,,,_mapOIZlbEeqp3LAywGB6vQ,,,,,,,off,,,,,,State
State,OLDID+1424988+257,,,_mapOIZlbEeqp3LAywGB6vQ,,,,,,,presenceSimulation,,,,,,State
State,_mapOPplbEeqp3LAywGB6vQ,,,_mapOIZlbEeqp3LAywGB6vQ,,,,,,,ROOT,,,,,,Pseudostate
State,OLDID+1424988+279,,,_mapOJJlbEeqp3LAywGB6vQ,,,,,,,downstairs,,,,,,State
State,OLDID+1424988+289,,,_mapOJplbEeqp3LAywGB6vQ,,,,,,,down_off,,,,,,State
State,OLDID+1424988+283,,,_mapOJplbEeqp3LAywGB6vQ,,,,,,,down_on,,,,,,State
State,_mapOK5lbEeqp3LAywGB6vQ,,,_mapOJplbEeqp3LAywGB6vQ,,,,,,,ROOT,,,,,,Pseudostate
State,OLDID+1424988+263,,,_mapOMZlbEeqp3LAywGB6vQ,,,,,,,upstairs,,,,,,State
State,OLDID+1424988+267,,,_mapOM5lbEeqp3LAywGB6vQ,,,,,,,up_off,,,,,,State
State,OLDID+1424988+273,,,_mapOM5lbEeqp3LAywGB6vQ,,,,,,,up_on,,,,,,State
State,_mapOOJlbEeqp3LAywGB6vQ,,,_mapOM5lbEeqp3LAywGB6vQ,,,,,,,ROOT,,,,,,Pseudostate
State,OLDID+1424988+452,,,_map0JJlbEeqp3LAywGB6vQ,,,,,,,armed,,,,,,State
State,OLDID+1424988+500,,,_map0JJlbEeqp3LAywGB6vQ,,,,,,,off,,,,,,State
State,_map0SplbEeqp3LAywGB6vQ,,,_map0JJlbEeqp3LAywGB6vQ,,,,,,,ROOT,,,,,,Pseudostate
State,OLDID+1424988+461,,,_map0J5lbEeqp3LAywGB6vQ,,,,,,,active,,,,,,State
State,OLDID+1424988+494,,,_map0J5lbEeqp3LAywGB6vQ,,,,,,,exiting,,,,,,State
State,_map0RZlbEeqp3LAywGB6vQ,,,_map0J5lbEeqp3LAywGB6vQ,,,,,,,ROOT,,,,,,Pseudostate
State,OLDID+1424988+465,,,_map0K5lbEeqp3LAywGB6vQ,,,,,,,detecting,,,,,,State
State,OLDID+1424988+476,,,_map0K5lbEeqp3LAywGB6vQ,,,,,,,entering,,,,,,State
State,OLDID+1424988+482,,,_map0K5lbEeqp3LAywGB6vQ,,,,,,,intrusion,,,,,,State
State,OLDID+1424988+488,,,_map0K5lbEeqp3LAywGB6vQ,,,,,,,silence,,,,,,State
State,_map0M5lbEeqp3LAywGB6vQ,,,_map0K5lbEeqp3LAywGB6vQ,,,,,,,ROOT,,,,,,Pseudostate
contains,OLDID+1424988+109,OLDID+1424988+157,,,,,,,,,,,,,,,
contains,OLDID+1424988+157,OLDID+1424988+161,,,,,,,,,,,,,,,
contains,OLDID+1424988+157,OLDID+1424988+177,,,,,,,,,,,,,,,
contains,OLDID+1424988+177,OLDID+1424988+195,,,,,,,,,,,,,,,
contains,OLDID+1424988+177,OLDID+1424988+186,,,,,,,,,,,,,,,
contains,OLDID+1424988+177,OLDID+1424988+188,,,,,,,,,,,,,,,
contains,OLDID+1424988+177,_mapNi5lbEeqp3LAywGB6vQ,,,,,,,,,,,,,,,
contains,OLDID+1424988+157,OLDID+1424988+163,,,,,,,,,,,,,,,
contains,OLDID+1424988+157,GUID+83d89792-8d14-48e1-b5dd-096c97124b96,,,,,,,,,,,,,,,
contains,OLDID+1424988+157,_mapNlJlbEeqp3LAywGB6vQ,,,,,,,,,,,,,,,
contains,OLDID+1424988+109,OLDID+1424988+110,,,,,,,,,,,,,,,
contains,OLDID+1424988+110,OLDID+1424988+134,,,,,,,,,,,,,,,
contains,OLDID+1424988+134,OLDID+1424988+145,,,,,,,,,,,,,,,
contains,OLDID+1424988+134,OLDID+1424988+151,,,,,,,,,,,,,,,
contains,OLDID+1424988+134,OLDID+1424988+144,,,,,,,,,,,,,,,
contains,OLDID+1424988+134,_mapNuZlbEeqp3LAywGB6vQ,,,,,,,,,,,,,,,
contains,OLDID+1424988+110,OLDID+1424988+114,,,,,,,,,,,,,,,
contains,OLDID+1424988+110,OLDID+1424988+116,,,,,,,,,,,,,,,
contains,OLDID+1424988+110,GUID+28f0484a-1e4b-4764-955c-751a9b49fbdd,,,,,,,,,,,,,,,
contains,OLDID+1424988+110,_mapNyJlbEeqp3LAywGB6vQ,,,,,,,,,,,,,,,
contains,GUID+3c06b60f-2887-11d3-ac08-0010a4f1d0f6,GUID+3c06b612-2887-11d3-ac08-0010a4f1d0f6,,,,,,,,,,,,,,,
contains,GUID+3c06b612-2887-11d3-ac08-0010a4f1d0f6,GUID+3c06b619-2887-11d3-ac08-0010a4f1d0f6,,,,,,,,,,,,,,,
contains,GUID+3c06b612-2887-11d3-ac08-0010a4f1d0f6,GUID+3c06b61e-2887-11d3-ac08-0010a4f1d0f6,,,,,,,,,,,,,,,
contains,GUID+3c06b612-2887-11d3-ac08-0010a4f1d0f6,_mapN-JlbEeqp3LAywGB6vQ,,,,,,,,,,,,,,,
contains,GUID+3c06b60f-2887-11d3-ac08-0010a4f1d0f6,GUID+3c06b614-2887-11d3-ac08-0010a4f1d0f6,,,,,,,,,,,,,,,
contains,GUID+3c06b614-2887-11d3-ac08-0010a4f1d0f6,GUID+3c06b621-2887-11d3-ac08-0010a4f1d0f6,,,,,,,,,,,,,,,
contains,GUID+3c06b614-2887-11d3-ac08-0010a4f1d0f6,GUID+3c06b623-2887-11d3-ac08-0010a4f1d0f6,,,,,,,,,,,,,,,
contains,GUID+3c06b614-2887-11d3-ac08-0010a4f1d0f6,_mapOC5lbEeqp3LAywGB6vQ,,,,,,,,,,,,,,,
contains,OLDID+1424988+257,OLDID+1424988+279,,,,,,,,,,,,,,,
contains,OLDID+1424988+279,OLDID+1424988+289,,,,,,,,,,,,,,,
contains,OLDID+1424988+279,OLDID+1424988+283,,,,,,,,,,,,,,,
contains,OLDID+1424988+279,_mapOK5lbEeqp3LAywGB6vQ,,,,,,,,,,,,,,,
contains,OLDID+1424988+257,OLDID+1424988+263,,,,,,,,,,,,,,,
contains,OLDID+1424988+263,OLDID+1424988+267,,,,,,,,,,,,,,,
contains,OLDID+1424988+263,OLDID+1424988+273,,,,,,,,,,,,,,,
contains,OLDID+1424988+263,_mapOOJlbEeqp3LAywGB6vQ,,,,,,,,,,,,,,,
contains,OLDID+1424988+452,OLDID+1424988+461,,,,,,,,,,,,,,,
contains,OLDID+1424988+461,OLDID+1424988+465,,,,,,,,,,,,,,,
contains,OLDID+1424988+461,OLDID+1424988+476,,,,,,,,,,,,,,,
contains,OLDID+1424988+461,OLDID+1424988+482,,,,,,,,,,,,,,,
contains,OLDID+1424988+461,OLDID+1424988+488,,,,,,,,,,,,,,,
contains,OLDID+1424988+461,_map0M5lbEeqp3LAywGB6vQ,,,,,,,,,,,,,,,
contains,OLDID+1424988+452,OLDID+1424988+494,,,,,,,,,,,,,,,
contains,OLDID+1424988+452,_map0RZlbEeqp3LAywGB6vQ,,,,,,,,,,,,,,,
transition,OLDID+1424988+177,GUID+83d89792-8d14-48e1-b5dd-096c97124b96,,,_mapNhJlbEeqp3LAywGB6vQ,,,,_marCtZlbEeqp3LAywGB6vQ,,,,,,GUID+107dd3d2-2346-11d3-abfa-0010a4f1d0f6,,
transition,OLDID+1424988+177,GUID+83d89792-8d14-48e1-b5dd-096c97124b96,,,_mapNhJlbEeqp3LAywGB6vQ,,,,GUID+be00fb33-3f3b-11d3-ac65-0010a4f1d0f6,,,,,_marCdplbEeqp3LAywGB6vQ,GUID+107dd3df-2346-11d3-abfa-0010a4f1d0f6,evKeyOff,
transition,OLDID+1424988+188,OLDID+1424988+161,OLDID+1424988+645,,_mapNhJlbEeqp3LAywGB6vQ,,,,,else,,,,,OLDID+1424988+641,,
transition,OLDID+1424988+195,OLDID+1424988+161,OLDID+1424988+201,,_mapNhJlbEeqp3LAywGB6vQ,,changeCode();,_mapNn5lbEeqp3LAywGB6vQ,GUID+be00fb41-3f3b-11d3-ac65-0010a4f1d0f6,IS_IN(different),,,,_marCe5lbEeqp3LAywGB6vQ,OLDID+1424988+196,evKeyOn,
transition,OLDID+1424988+163,OLDID+1424988+161,GUID+9f27f49a-df03-11d2-ab10-0010a4f1d0f6,,_mapNhJlbEeqp3LAywGB6vQ,,itsController->GEN(evTemporise);,_mapNpJlbEeqp3LAywGB6vQ,,IS_IN(correct),,,,,GUID+9f27f498-df03-11d2-ab10-0010a4f1d0f6,,
transition,OLDID+1424988+161,OLDID+1424988+163,,,_mapNhJlbEeqp3LAywGB6vQ,,,,GUID+be00fb41-3f3b-11d3-ac65-0010a4f1d0f6,,,,,_marCe5lbEeqp3LAywGB6vQ,OLDID+1424988+162,evKeyOn,
transition,_mapNlJlbEeqp3LAywGB6vQ,OLDID+1424988+161,,,_mapNhJlbEeqp3LAywGB6vQ,,,,,,,,,,OLDID+1424988+158,,
transition,OLDID+1424988+161,OLDID+1424988+161,OLDID+1424988+175,,_mapNhJlbEeqp3LAywGB6vQ,,itsController->GEN(evDisarm);,_mapNq5lbEeqp3LAywGB6vQ,GUID+be00fb33-3f3b-11d3-ac65-0010a4f1d0f6,IS_IN(correct),,,,_marCdplbEeqp3LAywGB6vQ,OLDID+1424988+170,evKeyOff,
transition,GUID+83d89792-8d14-48e1-b5dd-096c97124b96,OLDID+1424988+161,,,_mapNhJlbEeqp3LAywGB6vQ,,,,,,,,,,GUID+f996a7b6-02f2-48db-b98c-b30110b1e4ce,,
transition,OLDID+1424988+163,OLDID+1424988+177,OLDID+1424988+599,,_mapNhJlbEeqp3LAywGB6vQ,,,,,IS_IN(notEntered),,,,,GUID+9f27f49e-df03-11d2-ab10-0010a4f1d0f6,,
transition,OLDID+1424988+188,OLDID+1424988+195,GUID+9f27f4d9-df03-11d2-ab10-0010a4f1d0f6,,_mapNh5lbEeqp3LAywGB6vQ,,,,,IS_IN(correct),,,,,OLDID+1424988+726,,
transition,OLDID+1424988+186,OLDID+1424988+188,,,_mapNh5lbEeqp3LAywGB6vQ,,,,GUID+be00fb41-3f3b-11d3-ac65-0010a4f1d0f6,,,,,_marCe5lbEeqp3LAywGB6vQ,OLDID+1424988+187,evKeyOn,
transition,_mapNi5lbEeqp3LAywGB6vQ,OLDID+1424988+186,,,_mapNh5lbEeqp3LAywGB6vQ,,,,,,,,,,OLDID+1424988+183,,
transition,OLDID+1424988+114,GUID+28f0484a-1e4b-4764-955c-751a9b49fbdd,,,_mapNs5lbEeqp3LAywGB6vQ,,,,GUID+be00fb33-3f3b-11d3-ac65-0010a4f1d0f6,,,,,_marCdplbEeqp3LAywGB6vQ,GUID+5f4f8a94-f503-11d2-ab5b-0010a4f1d0f6,evKeyOff,
transition,GUID+28f0484a-1e4b-4764-955c-751a9b49fbdd,OLDID+1424988+134,,,_mapNs5lbEeqp3LAywGB6vQ,,,,,,,,,,GUID+2bf27eda-216c-4940-b873-7816c140b57f,,
transition,OLDID+1424988+114,GUID+28f0484a-1e4b-4764-955c-751a9b49fbdd,,,_mapNs5lbEeqp3LAywGB6vQ,,,,_marCsJlbEeqp3LAywGB6vQ,,,,,,GUID+5f4f8aa5-f503-11d2-ab5b-0010a4f1d0f6,,
transition,_mapNyJlbEeqp3LAywGB6vQ,OLDID+1424988+134,,,_mapNs5lbEeqp3LAywGB6vQ,,,,,,,,,,OLDID+1424988+111,,
transition,OLDID+1424988+134,OLDID+1424988+114,,,_mapNs5lbEeqp3LAywGB6vQ,,newCode = params->n;\r\r\ncount=1;,_mapN0JlbEeqp3LAywGB6vQ,GUID+be00fb39-3f3b-11d3-ac65-0010a4f1d0f6,,,,,_marCeJlbEeqp3LAywGB6vQ,OLDID+1424988+135,evKey,
transition,OLDID+1424988+114,OLDID+1424988+116,OLDID+1424988+122,,_mapNs5lbEeqp3LAywGB6vQ,,,,,isCodeEntered(),,,,,OLDID+1424988+115,,
transition,OLDID+1424988+114,OLDID+1424988+114,,,_mapNs5lbEeqp3LAywGB6vQ,,newCode = (10 * newCode ) + params->n;\r\r\ncount++;,_mapN1plbEeqp3LAywGB6vQ,GUID+be00fb39-3f3b-11d3-ac65-0010a4f1d0f6,,,,,_marCeJlbEeqp3LAywGB6vQ,OLDID+1424988+123,evKey,
transition,OLDID+1424988+145,OLDID+1424988+144,,,_mapNtZlbEeqp3LAywGB6vQ,,,,_marCpplbEeqp3LAywGB6vQ,,,,,,OLDID+1424988+146,,
transition,OLDID+1424988+151,OLDID+1424988+144,,,_mapNtZlbEeqp3LAywGB6vQ,,,,_marCq5lbEeqp3LAywGB6vQ,,,,,,OLDID+1424988+152,,
transition,OLDID+1424988+116,OLDID+1424988+145,GUID+9f27f48c-df03-11d2-ab10-0010a4f1d0f6,,_mapNtZlbEeqp3LAywGB6vQ,,,,,isCodeCorrect(),,,,,GUID+9f27f48a-df03-11d2-ab10-0010a4f1d0f6,,
transition,OLDID+1424988+116,OLDID+1424988+151,OLDID+1424988+549,,_mapNtZlbEeqp3LAywGB6vQ,,,,,else,,,,,OLDID+1424988+545,,
transition,_mapNuZlbEeqp3LAywGB6vQ,OLDID+1424988+144,,,_mapNtZlbEeqp3LAywGB6vQ,,,,,,,,,,OLDID+1424988+141,,
transition,_mapN-JlbEeqp3LAywGB6vQ,GUID+3c06b619-2887-11d3-ac08-0010a4f1d0f6,,,_mapN85lbEeqp3LAywGB6vQ,,,,,,,,,,GUID+3c06b627-2887-11d3-ac08-0010a4f1d0f6,,
transition,GUID+3c06b619-2887-11d3-ac08-0010a4f1d0f6,GUID+3c06b61e-2887-11d3-ac08-0010a4f1d0f6,GUID+ad182c73-2898-11d3-ac09-0010a4f1d0f6,,_mapN85lbEeqp3LAywGB6vQ,,,,GUID+3c06b64a-2887-11d3-ac08-0010a4f1d0f6,IS_IN(flashing),,,,_marCbZlbEeqp3LAywGB6vQ,GUID+3c06b631-2887-11d3-ac08-0010a4f1d0f6,evToggle,
transition,GUID+3c06b61e-2887-11d3-ac08-0010a4f1d0f6,GUID+3c06b619-2887-11d3-ac08-0010a4f1d0f6,GUID+ad182c70-2898-11d3-ac09-0010a4f1d0f6,,_mapN85lbEeqp3LAywGB6vQ,,,,GUID+3c06b64a-2887-11d3-ac08-0010a4f1d0f6,IS_IN(flashing),,,,_marCbZlbEeqp3LAywGB6vQ,GUID+3c06b636-2887-11d3-ac08-0010a4f1d0f6,evToggle,
transition,GUID+3c06b60f-2887-11d3-ac08-0010a4f1d0f6,GUID+3c06b619-2887-11d3-ac08-0010a4f1d0f6,,,_mapN85lbEeqp3LAywGB6vQ,,,,GUID+3c06c95b-2887-11d3-ac08-0010a4f1d0f6,,,,,_marCdJlbEeqp3LAywGB6vQ,GUID+3c06c940-2887-11d3-ac08-0010a4f1d0f6,evOff,
transition,GUID+3c06b60f-2887-11d3-ac08-0010a4f1d0f6,GUID+3c06b61e-2887-11d3-ac08-0010a4f1d0f6,,,_mapN85lbEeqp3LAywGB6vQ,,,,GUID+3c06c954-2887-11d3-ac08-0010a4f1d0f6,,,,,_marCcplbEeqp3LAywGB6vQ,GUID+3c06c945-2887-11d3-ac08-0010a4f1d0f6,evOn,
transition,_mapOC5lbEeqp3LAywGB6vQ,GUID+3c06b621-2887-11d3-ac08-0010a4f1d0f6,,,_mapOCJlbEeqp3LAywGB6vQ,,,,,,,,,,GUID+3c06b62c-2887-11d3-ac08-0010a4f1d0f6,,
transition,GUID+3c06b621-2887-11d3-ac08-0010a4f1d0f6,GUID+3c06b623-2887-11d3-ac08-0010a4f1d0f6,,,_mapOCJlbEeqp3LAywGB6vQ,,count = params->n;\r\r\ncount = count*2 +1;,_mapODplbEeqp3LAywGB6vQ,GUID+3c06b65e-2887-11d3-ac08-0010a4f1d0f6,,,,,_marCb5lbEeqp3LAywGB6vQ,GUID+3c06b63b-2887-11d3-ac08-0010a4f1d0f6,evFlash,
transition,GUID+3c06b623-2887-11d3-ac08-0010a4f1d0f6,GUID+3c06b621-2887-11d3-ac08-0010a4f1d0f6,GUID+3c06b660-2887-11d3-ac08-0010a4f1d0f6,,_mapOCJlbEeqp3LAywGB6vQ,,,,,count==0,,,,,GUID+3c06b640-2887-11d3-ac08-0010a4f1d0f6,,
transition,GUID+3c06b623-2887-11d3-ac08-0010a4f1d0f6,GUID+3c06b623-2887-11d3-ac08-0010a4f1d0f6,,,_mapOCJlbEeqp3LAywGB6vQ,,--count;\r\r\nGEN(evToggle);,_mapOFJlbEeqp3LAywGB6vQ,_marCuplbEeqp3LAywGB6vQ,,,,,,GUID+3c06b66b-2887-11d3-ac08-0010a4f1d0f6,,
transition,OLDID+1424988+251,OLDID+1424988+257,,,_mapOIZlbEeqp3LAywGB6vQ,,,,OLDID+1424988+322,,,,,_marCaZlbEeqp3LAywGB6vQ,OLDID+1424988+252,evStartPresence,
transition,OLDID+1424988+257,OLDID+1424988+251,,,_mapOIZlbEeqp3LAywGB6vQ,,,,OLDID+1424988+323,,,,,_marCa5lbEeqp3LAywGB6vQ,OLDID+1424988+258,evStopPresence,
transition,_mapOPplbEeqp3LAywGB6vQ,OLDID+1424988+251,,,_mapOIZlbEeqp3LAywGB6vQ,,,,,,,,,,OLDID+1424988+248,,
transition,_mapOK5lbEeqp3LAywGB6vQ,OLDID+1424988+289,,,_mapOJplbEeqp3LAywGB6vQ,,,,,,,,,,OLDID+1424988+280,,
transition,OLDID+1424988+289,OLDID+1424988+283,,,_mapOJplbEeqp3LAywGB6vQ,,,,_marCyZlbEeqp3LAywGB6vQ,,,,,,OLDID+1424988+290,,
transition,OLDID+1424988+283,OLDID+1424988+289,,,_mapOJplbEeqp3LAywGB6vQ,,,,_marCzplbEeqp3LAywGB6vQ,,,,,,OLDID+1424988+284,,
transition,OLDID+1424988+267,OLDID+1424988+273,,,_mapOM5lbEeqp3LAywGB6vQ,,,,_marCv5lbEeqp3LAywGB6vQ,,,,,,OLDID+1424988+268,,
transition,OLDID+1424988+273,OLDID+1424988+267,,,_mapOM5lbEeqp3LAywGB6vQ,,,,_marCxJlbEeqp3LAywGB6vQ,,,,,,OLDID+1424988+274,,
transition,_mapOOJlbEeqp3LAywGB6vQ,OLDID+1424988+267,,,_mapOM5lbEeqp3LAywGB6vQ,,,,,,,,,,OLDID+1424988+264,,
transition,OLDID+1424988+500,OLDID+1424988+452,,,_map0JJlbEeqp3LAywGB6vQ,,,,OLDID+1424988+314,,,,,_marCY5lbEeqp3LAywGB6vQ,OLDID+1424988+506,evArm,
transition,OLDID+1424988+452,OLDID+1424988+500,,,_map0JJlbEeqp3LAywGB6vQ,,,,GUID+be0101e7-3f3b-11d3-ac65-0010a4f1d0f6,,,,,_marCf5lbEeqp3LAywGB6vQ,OLDID+1424988+453,evDisarm,
transition,_map0SplbEeqp3LAywGB6vQ,OLDID+1424988+500,,,_map0JJlbEeqp3LAywGB6vQ,,init();,_map0UJlbEeqp3LAywGB6vQ,,,,,,,OLDID+1424988+449,,
transition,_map0RZlbEeqp3LAywGB6vQ,OLDID+1424988+461,,,_map0J5lbEeqp3LAywGB6vQ,,,,,,,,,,OLDID+1424988+458,,
transition,OLDID+1424988+500,OLDID+1424988+494,,,_map0J5lbEeqp3LAywGB6vQ,,,,GUID+be010079-3f3b-11d3-ac65-0010a4f1d0f6,,,,,_marCfZlbEeqp3LAywGB6vQ,OLDID+1424988+501,evTemporise,
transition,OLDID+1424988+476,OLDID+1424988+482,,,_map0K5lbEeqp3LAywGB6vQ,,,,OLDID+1424988+321,,,,,_marCZ5lbEeqp3LAywGB6vQ,GUID+b5dcd3d6-2874-11d3-ac08-0010a4f1d0f6,evMovement,
transition,_map0M5lbEeqp3LAywGB6vQ,OLDID+1424988+465,,,_map0K5lbEeqp3LAywGB6vQ,,,,,,,,,,OLDID+1424988+462,,
transition,OLDID+1424988+488,OLDID+1424988+465,,,_map0K5lbEeqp3LAywGB6vQ,,,,_marC2JlbEeqp3LAywGB6vQ,,,,,,OLDID+1424988+489,,
transition,OLDID+1424988+494,OLDID+1424988+465,,,_map0K5lbEeqp3LAywGB6vQ,,,,_marC4plbEeqp3LAywGB6vQ,,,,,,OLDID+1424988+495,,
transition,OLDID+1424988+465,OLDID+1424988+482,,,_map0K5lbEeqp3LAywGB6vQ,,,,OLDID+1424988+321,,,,,_marCZ5lbEeqp3LAywGB6vQ,OLDID+1424988+471,evMovement,
transition,OLDID+1424988+465,OLDID+1424988+476,,,_map0K5lbEeqp3LAywGB6vQ,,,,OLDID+1424988+316,,,,,_marCZZlbEeqp3LAywGB6vQ,OLDID+1424988+466,evDoor,
transition,OLDID+1424988+476,OLDID+1424988+482,,,_map0K5lbEeqp3LAywGB6vQ,,,,_marC05lbEeqp3LAywGB6vQ,,,,,,OLDID+1424988+477,,
transition,OLDID+1424988+482,OLDID+1424988+488,,,_map0K5lbEeqp3LAywGB6vQ,,,,_marC3ZlbEeqp3LAywGB6vQ,,,,,,OLDID+1424988+483,,
